2026-03-23_17-22-44,---,draft.go:2026-03-23_17-22-44
2026-03-23_17-27-17,0,draft.go:2026-03-23_17-27-17
2026-03-23_17-27-32,0,draft.go:2026-03-23_17-27-32
2026-03-23_17-29-49,0,draft.go:2026-03-23_17-29-49
2026-03-23_17-33-03,0,draft.go:2026-03-23_17-33-03
2026-03-23_17-33-10,0,draft.go:2026-03-23_17-33-10
2026-03-23_17-35-12,0,draft.go:2026-03-23_17-35-12
2026-03-23_17-35-22,100,draft.go:2026-03-23_17-35-22
2026-03-30_17-15-38,---,draft.go:2026-03-23_17-35-22
2026-03-30_17-16-44,100,draft.go:2026-03-23_17-35-22
