2026-03-10_18-14-46,0,draft.go:2026-03-10_18-14-46
2026-03-11_16-43-50,---,draft.go:2026-03-10_18-14-46
2026-03-16_03-40-31,0,draft.go:2026-03-10_18-14-46
2026-03-16_03-40-47,---,draft.go:2026-03-10_18-14-46
2026-03-16_03-45-45,0,draft.go:2026-03-16_03-45-45
2026-03-16_03-47-16,0,draft.go:2026-03-16_03-47-16
2026-03-16_03-50-14,0,draft.go:2026-03-16_03-50-14
2026-03-16_03-52-20,0,draft.go:2026-03-16_03-52-20
2026-03-16_03-52-28,0,draft.go:2026-03-16_03-52-20
2026-03-16_03-53-09,0,draft.go:2026-03-16_03-53-09
2026-03-16_03-53-18,---,draft.go:2026-03-16_03-53-09
2026-03-16_03-54-29,0,draft.go:2026-03-16_03-54-29
2026-03-16_03-55-31,0,draft.go:2026-03-16_03-55-31
2026-03-16_03-55-50,---,draft.go:2026-03-16_03-55-31
2026-03-16_04-14-27,100,draft.go:2026-03-16_04-14-27
