2026-03-10_17-13-16,---,draft.go:2026-03-10_17-13-16
2026-03-10_17-16-49,---,draft.go:2026-03-10_17-13-16
2026-03-10_17-17-14,---,draft.go:2026-03-10_17-13-16
2026-03-10_17-17-29,---,draft.go:2026-03-10_17-13-16
2026-03-10_17-19-03,0,draft.go:2026-03-10_17-13-16
2026-03-10_17-19-07,0,draft.go:2026-03-10_17-13-16
2026-03-10_17-19-10,0,draft.go:2026-03-10_17-13-16
2026-03-10_17-19-14,---,draft.go:2026-03-10_17-13-16
2026-03-10_17-22-47,---,draft.go:2026-03-10_17-22-47
2026-03-10_17-24-28,0,draft.go:2026-03-10_17-24-28
2026-03-10_17-32-45,0,draft.go:2026-03-10_17-32-45
2026-03-10_17-34-02,0,draft.go:2026-03-10_17-34-02
2026-03-10_17-34-18,0,draft.go:2026-03-10_17-34-18
2026-03-10_17-36-11,0,draft.go:2026-03-10_17-34-18
2026-03-10_17-39-43,---,draft.go:2026-03-10_17-34-18
2026-03-10_17-41-59,0,draft.go:2026-03-10_17-34-18
2026-03-10_17-42-40,0,draft.go:2026-03-10_17-42-40
2026-03-10_17-46-59,0,draft.go:2026-03-10_17-46-59
2026-03-10_17-50-44,0,draft.go:2026-03-10_17-50-44
2026-03-10_17-51-40,0,draft.go:2026-03-10_17-51-40
2026-03-10_17-54-38,0,draft.go:2026-03-10_17-51-40
2026-03-10_17-54-42,0,draft.go:2026-03-10_17-51-40
2026-03-10_17-57-16,0,draft.go:2026-03-10_17-57-16
2026-03-10_17-57-27,0,draft.go:2026-03-10_17-57-27
