2026-05-10_00-29-34,0,draft.go:2026-05-10_00-29-34
2026-05-10_00-32-49,75,draft.go:2026-05-10_00-32-49
2026-05-10_00-33-14,0,draft.go:2026-05-10_00-33-14
2026-05-10_00-33-23,75,draft.go:2026-05-10_00-33-23
2026-05-10_00-33-41,0,draft.go:2026-05-10_00-33-41
2026-05-10_00-33-57,0,draft.go:2026-05-10_00-33-57
2026-05-10_00-34-04,---,draft.go:2026-05-10_00-33-57
2026-05-10_00-34-22,75,draft.go:2026-05-10_00-34-22
2026-05-10_00-37-15,0,draft.go:2026-05-10_00-37-15
2026-05-10_00-39-36,75,draft.go:2026-05-10_00-39-36
2026-05-10_00-39-38,75,draft.go:2026-05-10_00-39-36
2026-05-10_00-41-19,100,draft.go:2026-05-10_00-41-19
