2026-03-23_18-00-59,---,draft.go:2026-03-23_18-00-59
2026-03-30_17-28-35,---,draft.go:2026-03-30_17-28-35
2026-03-30_17-29-31,---,draft.go:2026-03-30_17-28-35
2026-03-30_17-59-01,---,draft.go:2026-03-30_17-59-01
2026-03-30_18-07-12,0,draft.go:2026-03-30_18-07-12
2026-03-30_18-07-34,0,draft.go:2026-03-30_18-07-34
2026-03-30_18-07-57,0,draft.go:2026-03-30_18-07-57
2026-03-30_18-08-17,0,draft.go:2026-03-30_18-08-17
2026-03-31_17-00-57,---,draft.go:2026-03-31_17-00-57
2026-04-04_17-22-18,0,draft.go:2026-04-04_17-22-18
2026-04-04_17-22-34,40,draft.go:2026-04-04_17-22-34
2026-04-04_17-22-55,100,draft.go:2026-04-04_17-22-55
